Workbook
Name Control: '[1]Test Summary'!#REF!
Name Control_mode: '[1]Test Summary'!$AK$15:$AK$17
Name environment: #REF!
Name GL_Technique: '[1]Test Summary'!$AP$15:$AP$39
Name loading: #REF!
Name Rate_units: '[1]Test Summary'!$AL$15:$AL$34
Name Spec_Design: '[1]Test Summary'!$AN$15:$AN$39
Name Spec_Type: '[1]Test Summary'!$AN$15:$AN$39
Name Standard: '[1]Test Summary'!$AO$15:$AO$39
Name Test_Status: '[1]Test Summary'!$AQ$15:$AQ$24
Name Test_Status: 'Data entry'!#REF!
Name Test_Type: '[1]Test Summary'!$AM$15:$AM$39
Name waveform: 'Test Summary'!$AE$17:$AE$21

Sheet Introduction
A5: COMMON ANALYSIS TEMPLATE (CAT)
I6: SMaRT_QMS7.8(7)
A7: Strain Control LCF Summary Data | I7: Version 1.5
A8: Plain Cylindrical Specimens | I8: Issue Date: 25/10/2019
A10: This CAT should be employed for the calculation of key nominal test parameters and
A11: subsequent analysis of strain controlled LCF tests performed on plain cylindrical specimen geometries
A13: Green coloured cells indicate an operator entry is required in that cell
A15: Cells containing formulae are deliberately locked to prohibit changes by non authorised users (grey cells)
A17: The 'Test Diary' tab is to be updated when intialially setting up the contract and every time conditions are revised/supplied
A19: The 'Test Summary' tab is to be completed by COO/TM when setting up contract or adding conditions (complete blue cells).
A20: Test Engineers must complete the green cells as testing progresses.
A22: Data relating to operation of the tests are entered into the 'Data Entry' tab by the Test Engineer.
A24: The designated project manager (PM) must complete the purple cells to compelte the analysis for the report.
A26: The 'GRIT' tab will automatically populate, with the exception of the purple headed columns, which requires the PM to complete manually.
A28: Graphs are automatically generated for:
A29: Peak strain vs cycles to failure (tab Emax vs N)
... A36: Data points representing run-out tests shall be marked with an arrow

Sheet Test Diary
J1: SMaRT Contract Number: | K1: SQ2024-1450
J2: Customer Project Number: | K2: n/a
H3: Project Manager: | K3: N Barnard
J4: SMaRT Programme Owner: | K4: A Jones
A5: COMMON ANALYSIS TEMPLATE (CAT)
A7: Strain Control LCF Summary Data
A8: Plain Cylindrical Specimens
A10: Date | B10: Updated By | C10: Details
A11: 45496 | B11: A Jones | C11: Matrix populated

Sheet Test Summary
G1: SMaRT Contract Number: | H1: =IF(ISBLANK('Test Diary'!K1),"",'Test Diary'!K1) -> SQ2024-1450
G2: Customer Project Number: | H2: =IF(ISBLANK('Test Diary'!K2),"",'Test Diary'!K2) -> n/a | O2: =COUNTA('Test Summary'!M17:M28) -> 12 | P2: Total
G3: Project Manager: | H3: =IF(ISBLANK('Test Diary'!K3),"",'Test Diary'!K3) -> N Barnard | O3: =COUNTIF('Test Summary'!$M$17:$M$28,AD21) -> 8 | P3: Completed
G4: SMaRT Programme Owner: | H4: =IF(ISBLANK('Test Diary'!K4),"",'Test Diary'!K4) -> A Jones | O4: =COUNTIF('Test Summary'!$M$17:$M$28,AD20) -> 0 | P4: Ongoing
A5: COMMON ANALYSIS TEMPLATE (CAT) | O5: =COUNTIF('Test Summary'!$M$17:$M$28,AD19) -> 4 | P5: Ready
O6: =COUNTIF('Test Summary'!$M$17:$M$28,AD18) -> 0 | P6: Specimen received, awaiting conditions
A7: Strain Control LCF Summary Data | O7: =COUNTIF('Test Summary'!$M$17:$M$28,AD17) -> 0 | P7: Awaiting Specimen
A8: Plain Cylindrical Specimens | O8: =COUNTIF('Test Summary'!$M$17:$M$28,AD23) -> 0 | P8: Quarantined
O9: =COUNTIF('Test Summary'!$M$17:$M$28,AD25) -> 0 | P9: Void
O10: =COUNTIF('Test Summary'!$M$17:$M$28,AD24) -> 0 | P10: Returned to Customer
O11: =COUNTIF('Test Summary'!$M$17:$M$28,AD22) -> 0 | P11: Spare
A12: Specimen Details | D12: Test Conditions | M12: Test Results
A14: SMaRT | B14: Customer | C14: Delivery | D14: Specimen | E14: Specimen | F14: Nominal | G14: Test | H14: Max | I14: Strain | J14: R | K14: Test | L14: Loading | N14: Return | O14: Total
A15: STS No. | B15: ID | C15: Date | D15: Design | E15: Type | F15: Temperature | G15: Standard | H15: Strain | I15: Ramp | J15: Ratio | K15: Waveform | L15: Direction | M15: Status | N15: Date | O15: Cycles | P15: Comments
F16: (°C) | H16: (%) | I16: (%/s) | Z16: Test Type | AA16: Spec Design | AB16: Standard | AC16: Fracture position | AD16: Status | AE16: Waveform
A17: STS2024-33178 | B17: RT01 | C17: 45495 | D17: customer M16 | E17: Cylinder | F17: 300 | G17: ISO 12106:2017 | H17: 0.15 | I17: 0.1 | J17: -1 | K17: Sawtooth | L17: tension | M17: Completed | O17: =IF(ISBLANK('Data entry'!AQ13)," ",'Data entry'!AQ13) -> 23096 | P17: =IF(ISBLANK('Data entry'!AS13)," ",'Data entry'!AS13) -> Stop at 23,096 cycles then tensile test @ 20°C. Total Length 76.735mm. Coax outside limit. | Z17: Cylinder | AA17: RLH6017 | AB17: ASTM E606_E606M-12 | AC17: A - mid 1/3 | AD17: Awaiting Specimen | AE17: Trap
A18: STS2024-33179 | B18: RT02 | C18: 45495 | D18: customer M16 | E18: Cylinder | F18: 300 | G18: ISO 12106:2017 | H18: 0.15 | I18: 0.1 | J18: -1 | K18: Sawtooth | L18: tension | M18: Completed | O18: =IF(ISBLANK('Data entry'!AQ14)," ",'Data entry'!AQ14) -> 23096 | P18: =IF(ISBLANK('Data entry'!AS14)," ",'Data entry'!AS14) -> Stop at 23,096 cycles then tensile test @ 300°C. Total Length 77.090mm | AA18: RLH8001 | AB18: BS 7270:2006 | AC18: B - outer 1/3 (top) | AD18: Specimen Received | AE18: Sine
A19: STS2024-33180 | B19: RT03 | C19: 45495 | D19: customer M16 | E19: Cylinder | F19: 300 | G19: ISO 12106:2017 | H19: 0.15 | I19: 0.1 | J19: -1 | K19: Sawtooth | L19: tension | M19: Ready | O19: =IF(ISBLANK('Data entry'!AQ15)," ",'Data entry'!AQ15) | P19: =IF(ISBLANK('Data entry'!AS15)," ",'Data entry'!AS15) -> Stop at 23,096 cycles then tensile test @ 550°C | AA19: RLH8010 | AB19: pr EN 3988:1998 | AC19: B - outer 1/3 (bottom) | AD19: Ready | AE19: Sawtooth
A20: STS2024-33181 | B20: RT04 | C20: 45495 | D20: customer M16 | E20: Cylinder | F20: 300 | G20: ISO 12106:2017 | H20: 0.2 | I20: 0.1 | J20: -1 | K20: Sawtooth | L20: tension | M20: Completed | O20: =IF(ISBLANK('Data entry'!AQ16)," ",'Data entry'!AQ16) -> 6075 | P20: =IF(ISBLANK('Data entry'!AS16)," ",'Data entry'!AS16) -> Stop at 6,075 cycles then tensile test @ 20°C. Total Length 77.0.51mm | AA20: RLH8013 | AB20: ISO 12106:2017 | AC20: C - Shoulder (top) | AD20: Ongoing | AE20: Trap (dwell)
A21: STS2024-33182 | B21: RT05 | C21: 45495 | D21: customer M16 | E21: Cylinder | F21: 300 | G21: ISO 12106:2017 | H21: 0.2 | I21: 0.1 | J21: -1 | K21: Sawtooth | L21: tension | M21: Completed | O21: =IF(ISBLANK('Data entry'!AQ17)," ",'Data entry'!AQ17) -> 6075 | P21: =IF(ISBLANK('Data entry'!AS17)," ",'Data entry'!AS17) -> Stop at 6,075 cycles then tensile test @ 300°C. Total Length 77.021mm | AA21: RLH8020 | AC21: C - Shoulder (bottom) | AD21: Completed | AE21: Complex
A22: STS2024-33183 | B22: RT06 | C22: 45495 | D22: customer M16 | E22: Cylinder | F22: 300 | G22: ISO 12106:2017 | H22: 0.2 | I22: 0.1 | J22: -1 | K22: Sawtooth | L22: tension | M22: Ready | O22: =IF(ISBLANK('Data entry'!AQ18)," ",'Data entry'!AQ18) | P22: =IF(ISBLANK('Data entry'!AS18)," ",'Data entry'!AS18) -> Stop at 6,075 cycles then tensile test @ 550°C | AA22: RLH10004 | AC22: Thread (top) | AD22: Spare
A23: STS2024-33184 | B23: RT07 | C23: 45495 | D23: customer M16 | E23: Cylinder | F23: 300 | G23: ISO 12106:2017 | H23: 0.25 | I23: 0.1 | J23: -1 | K23: Sawtooth | L23: tension | M23: Completed | O23: =IF(ISBLANK('Data entry'!AQ19)," ",'Data entry'!AQ19) -> 2242 | P23: =IF(ISBLANK('Data entry'!AS19)," ",'Data entry'!AS19) -> Stop at 2,242 cycles then tensile test @ 20°C. Total Length 77.010mm | AA23: RLH10007 | AC23: Thread (bottom) | AD23: Quarantined
A24: STS2024-33185 | B24: RT08 | C24: 45495 | D24: customer M16 | E24: Cylinder | F24: 300 | G24: ISO 12106:2017 | H24: 0.25 | I24: 0.1 | J24: -1 | K24: Sawtooth | L24: tension | M24: Completed | O24: =IF(ISBLANK('Data entry'!AQ20)," ",'Data entry'!AQ20) -> 2242 | P24: =IF(ISBLANK('Data entry'!AS20)," ",'Data entry'!AS20) -> Stop at 2,242 cycles then tensile test @ 300°C. Total Length 77.044mm | AA24: RLH10027 | AC24: None | AD24: Returned to Customer
A25: STS2024-33186 | B25: RT09 | C25: 45495 | D25: customer M16 | E25: Cylinder | F25: 300 | G25: ISO 12106:2017 | H25: 0.25 | I25: 0.1 | J25: -1 | K25: Sawtooth | L25: tension | M25: Ready | O25: =IF(ISBLANK('Data entry'!AQ21)," ",'Data entry'!AQ21) | P25: =IF(ISBLANK('Data entry'!AS21)," ",'Data entry'!AS21) -> Stop at 2,242 cycles then tensile test @ 550°C | AA25: RLH10043 | AC25: N/A | AD25: Test Void
A26: STS2024-33187 | B26: RT10 | C26: 45495 | D26: customer M16 | E26: Cylinder | F26: 300 | G26: ISO 12106:2017 | H26: 0.3 | I26: 0.1 | J26: -1 | K26: Sawtooth | L26: tension | M26: Completed | O26: =IF(ISBLANK('Data entry'!AQ22)," ",'Data entry'!AQ22) -> 1014 | P26: =IF(ISBLANK('Data entry'!AS22)," ",'Data entry'!AS22) -> Stop at 1,014 cycles then tensile test @ 20°C. Total Length 76.983mm | AA26: RLH10112
A27: STS2024-33188 | B27: RT11 | C27: 45495 | D27: customer M16 | E27: Cylinder | F27: 300 | G27: ISO 12106:2017 | H27: 0.3 | I27: 0.1 | J27: -1 | K27: Sawtooth | L27: tension | M27: Completed | O27: =IF(ISBLANK('Data entry'!AQ23)," ",'Data entry'!AQ23) -> 1014 | P27: =IF(ISBLANK('Data entry'!AS23)," ",'Data entry'!AS23) -> Stop at 1,014 cycles then tensile test @ 300°C. Total Length 77.024mm | AA27: RLH10113
A28: STS2024-33189 | B28: RT12 | C28: 45495 | D28: customer M16 | E28: Cylinder | F28: 300 | G28: ISO 12106:2017 | H28: 0.3 | I28: 0.1 | J28: -1 | K28: Sawtooth | L28: tension | M28: Ready | O28: =IF(ISBLANK('Data entry'!AQ24)," ",'Data entry'!AQ24) | P28: =IF(ISBLANK('Data entry'!AS24)," ",'Data entry'!AS24) -> Stop at 1,014 cycles then tensile test @ 550°C | AA28: RLH10114

Sheet Data entry
J1: SMaRT Contract Number: | M1: =IF(ISBLANK('Test Diary'!K1),"",'Test Diary'!K1) -> SQ2024-1450
J2: Customer Project Number: | M2: =IF(ISBLANK('Test Diary'!K2),"",'Test Diary'!K2) -> n/a
J3: Project Manager: | M3: =IF(ISBLANK('Test Diary'!K3),"",'Test Diary'!K3) -> N Barnard
J4: SMaRT Programme Owner: | M4: =IF(ISBLANK('Test Diary'!K4),"",'Test Diary'!K4) -> A Jones
A5: COMMON ANALYSIS TEMPLATE (CAT)
A7: Strain Control LCF Summary Data
A8: Plain Cylindrical Specimens
C10: Specimen Diameter [mm]
A11: SMaRT Specimen | B11: Customer Specimen | C11: 1 | D11: 2 | E11: 3 | F11: 4 | G11: 5 | H11: Average | I11: C.S.A | J11: Coaxiality [mm] (Max. 0.02) | K11: Gauge Length | L11: Max Strain | M11: R | N11: Temperature | O11: Min Strain | P11: Strain Range | Q11: Mean Strain | R11: Max Extension | S11: Min Extension | T11: Total Strain Amplitude | U11: Stress Amplitude | V11: Test | W11: Test | X11: Test Start Date | Y11: Test End Date | Z11: Heating Time | AA11: Soak Time | AB11: Test Temp Max | AC11: Test Temp Min | AD11: Air Temp Max | AE11: Air Temp Min | AF11: Air Humidity Max | AG11: Air Humidity Min | AH11: 1st Cycle E1/4 | AI11: Mid-Life | AJ11: Min Stress | AK11: Max Stress | AL11: Stress Amplitude | AM11: σ Range | AN11: Pl ε Range | AO11: Fractured | AP11: Fracture Position | AQ11: Cycles | AR11: Test | AS11: Comments
A12: I.D. | B12: I.D. | K12: [mm] | L12: [%] | M12: Ratio | N12: [°C] | O12: [%] | P12: [%] | Q12: [%] | R12: [mm] | S12: [mm] | T12: [%] | U12: [MPa] | V12: Frame | W12: Engineer | X12: [dd/mm/yyyy] | Y12: [dd/mm/yyyy] | Z12: (Hrs) | AA12: (Hrs) | AB12: (°C) | AC12: (°C) | AD12: (°C) | AE12: (°C) | AF12: (%) | AG12: (%) | AH12: (GPa) | AI12: Cycle | AJ12: [MPa] | AK12: [MPa] | AL12: [MPa] | AM12: (Mpa) | AN12: (%) | AO12: [Y/N] | AQ12: in Test | AR12: Validity
A13: =IF(ISBLANK('Test Summary'!A17),"",'Test Summary'!A17) -> STS2024-33178 | B13: =IF(ISBLANK('Test Summary'!B17),"",'Test Summary'!B17) -> RT01 | C13: 8.79 | D13: 8.793 | E13: 8.799 | F13: 8.801 | G13: 8.801 | H13: =AVERAGE(C13:G13) -> 8.7968 | I13: =(PI()*(H13*H13))/4 -> 60.777008 | J13: 0.05 | L13: =IF(ISBLANK('Test Summary'!H17),"",'Test Summary'!H17) -> 0.15 | M13: =IF(ISBLANK('Test Summary'!J17),"",'Test Summary'!J17) -> -1 | N13: =IF(ISBLANK('Test Summary'!F17),"",'Test Summary'!F17) -> 300 | O13: =IF(ISBLANK('Test Summary'!J17),"",L13*M13) -> -0.15 | P13: =L13-O13 -> 0.3 | Q13: =(L13+O13)/2 -> 0 | R13: =(L13/100)*K13 -> 0 | S13: =(O13/100)*K13 -> 0 | T13: =0.5*(P13) -> 0.15 | U13: =0.5*(AK13-AJ13) -> 279.0864 | V13: SH-21 | W13: KP/CM | X13: 45537 | Y13: 45539 | Z13: 4.5 | AA13: 0.9 | AB13: 301.1 | AC13: 298.6 | AD13: 23 | AE13: 21.2 | AF13: 61.4 | AG13: 34 | AH13: 201.33 | AI13: 23095 | AJ13: -238.65296 | AK13: 319.51985 | AL13: =0.5*(AK13-AJ13) -> 279.0864 | AM13: =AK13-AJ13 -> 558.17281 | AO13: No | AP13: None | AQ13: 23096 | AR13: 1 | AS13: Stop at 23,096 cycles then tensile test @ 20°C. Total Length 76.735mm. Coax outside limit.
A14: =IF(ISBLANK('Test Summary'!A18),"",'Test Summary'!A18) -> STS2024-33179 | B14: =IF(ISBLANK('Test Summary'!B18),"",'Test Summary'!B18) -> RT02 | C14: 8.798 | D14: 8.8 | E14: 8.803 | F14: 8.806 | G14: 8.806 | H14: =AVERAGE(C14:G14) -> 8.8026 | I14: =(PI()*(H14*H14))/4 -> 60.857179 | J14: 0.005 | L14: =IF(ISBLANK('Test Summary'!H18),"",'Test Summary'!H18) -> 0.15 | M14: =IF(ISBLANK('Test Summary'!J18),"",'Test Summary'!J18) -> -1 | N14: =IF(ISBLANK('Test Summary'!F18),"",'Test Summary'!F18) -> 300 | O14: =IF(ISBLANK('Test Summary'!J18),"",L14*M14) -> -0.15 | P14: =L14-O14 -> 0.3 | Q14: =(L14+O14)/2 -> 0 | R14: =(L14/100)*K14 -> 0 | S14: =(O14/100)*K14 -> 0 | T14: =0.5*(P14) -> 0.15 | U14: =0.5*(AK14-AJ14) -> 272.74654 | V14: SH-21 | W14: KP/CM | X14: 45523 | Y14: 45525 | Z14: 1.7 | AA14: 0.7 | AB14: 300.2 | AC14: 299.7 | AD14: 23 | AE14: 21.2 | AF14: 58.2 | AG14: 32.5 | AH14: 191.08 | AI14: 23095 | AJ14: -219.72228 | AK14: 325.77079 | AL14: =0.5*(AK14-AJ14) -> 272.74654 | AM14: =AK14-AJ14 -> 545.49307 | AO14: No | AP14: None | AQ14: 23096 | AR14: 1 | AS14: Stop at 23,096 cycles then tensile test @ 300°C. Total Length 77.090mm
A15: =IF(ISBLANK('Test Summary'!A19),"",'Test Summary'!A19) -> STS2024-33180 | B15: =IF(ISBLANK('Test Summary'!B19),"",'Test Summary'!B19) -> RT03 | C15: 8.79 | D15: 8.799 | E15: 8.793 | F15: 8.807 | G15: 8.802 | H15: =AVERAGE(C15:G15) -> 8.7982 | I15: =(PI()*(H15*H15))/4 -> 60.796355 | J15: 0.001 | L15: =IF(ISBLANK('Test Summary'!H19),"",'Test Summary'!H19) -> 0.15 | M15: =IF(ISBLANK('Test Summary'!J19),"",'Test Summary'!J19) -> -1 | N15: =IF(ISBLANK('Test Summary'!F19),"",'Test Summary'!F19) -> 300 | O15: =IF(ISBLANK('Test Summary'!J19),"",L15*M15) -> -0.15 | P15: =L15-O15 -> 0.3 | Q15: =(L15+O15)/2 -> 0 | R15: =(L15/100)*K15 -> 0 | S15: =(O15/100)*K15 -> 0 | T15: =0.5*(P15) -> 0.15 | U15: =0.5*(AK15-AJ15) -> 0 | V15: SH-21 | AL15: =0.5*(AK15-AJ15) -> 0 | AS15: Stop at 23,096 cycles then tensile test @ 550°C
A16: =IF(ISBLANK('Test Summary'!A20),"",'Test Summary'!A20) -> STS2024-33181 | B16: =IF(ISBLANK('Test Summary'!B20),"",'Test Summary'!B20) -> RT04 | C16: 8.799 | D16: 8.799 | E16: 8.803 | F16: 8.8 | G16: 8.796 | H16: =AVERAGE(C16:G16) -> 8.7994 | I16: =(PI()*(H16*H16))/4 -> 60.81294 | J16: 0.004 | K16: 12.5186 | L16: =IF(ISBLANK('Test Summary'!H20),"",'Test Summary'!H20) -> 0.2 | M16: =IF(ISBLANK('Test Summary'!J20),"",'Test Summary'!J20) -> -1 | N16: =IF(ISBLANK('Test Summary'!F20),"",'Test Summary'!F20) -> 300 | O16: =IF(ISBLANK('Test Summary'!J20),"",L16*M16) -> -0.2 | P16: =L16-O16 -> 0.4 | Q16: =(L16+O16)/2 -> 0 | R16: =(L16/100)*K16 -> 0.0250372 | S16: =(O16/100)*K16 -> -0.0250372 | T16: =0.5*(P16) -> 0.2 | U16: =0.5*(AK16-AJ16) -> 316.58806 | V16: SH-21 | W16: KP/CM | X16: 45531 | Y16: 45532 | Z16: 1.8 | AA16: 0.8 | AB16: 300.3 | AC16: 298.3 | AD16: 22.9 | AE16: 21.5 | AF16: 55.4 | AG16: 33 | AH16: 186.61 | AI16: 6074 | AJ16: -312.70873 | AK16: 320.46739 | AL16: =0.5*(AK16-AJ16) -> 316.58806 | AM16: =AK16-AJ16 -> 633.17612 | AO16: No | AP16: None | AQ16: 6075 | AR16: 2 | AS16: Stop at 6,075 cycles then tensile test @ 20°C. Total Length 77.0.51mm
A17: =IF(ISBLANK('Test Summary'!A21),"",'Test Summary'!A21) -> STS2024-33182 | B17: =IF(ISBLANK('Test Summary'!B21),"",'Test Summary'!B21) -> RT05 | C17: 8.798 | D17: 8.8 | E17: 8.801 | F17: 8.804 | G17: 8.803 | H17: =AVERAGE(C17:G17) -> 8.8012 | I17: =(PI()*(H17*H17))/4 -> 60.837823 | J17: 0.01 | K17: 12.518 | L17: =IF(ISBLANK('Test Summary'!H21),"",'Test Summary'!H21) -> 0.2 | M17: =IF(ISBLANK('Test Summary'!J21),"",'Test Summary'!J21) -> -1 | N17: =IF(ISBLANK('Test Summary'!F21),"",'Test Summary'!F21) -> 300 | O17: =IF(ISBLANK('Test Summary'!J21),"",L17*M17) -> -0.2 | P17: =L17-O17 -> 0.4 | Q17: =(L17+O17)/2 -> 0 | R17: =(L17/100)*K17 -> 0.025036 | S17: =(O17/100)*K17 -> -0.025036 | T17: =0.5*(P17) -> 0.2 | U17: =0.5*(AK17-AJ17) -> 316.01016 | V17: SH-21 | W17: KP/CM | X17: 45518 | Y17: 45519 | Z17: 1.8 | AA17: 0.9 | AB17: 298.2 | AC17: 297.5 | AD17: 24.2 | AE17: 22 | AF17: 55.7 | AG17: 32.2 | AH17: 195.31 | AI17: 6074 | AJ17: -305.29361 | AK17: 326.72671 | AL17: =0.5*(AK17-AJ17) -> 316.01016 | AM17: =AK17-AJ17 -> 632.02032 | AO17: No | AP17: None | AQ17: 6075 | AR17: 1 | AS17: Stop at 6,075 cycles then tensile test @ 300°C. Total Length 77.021mm
A18: =IF(ISBLANK('Test Summary'!A22),"",'Test Summary'!A22) -> STS2024-33183 | B18: =IF(ISBLANK('Test Summary'!B22),"",'Test Summary'!B22) -> RT06 | C18: 8.803 | D18: 8.806 | E18: 8.807 | F18: 8.809 | G18: 8.81 | H18: =AVERAGE(C18:G18) -> 8.807 | I18: =(PI()*(H18*H18))/4 -> 60.918033 | J18: 0.001 | L18: =IF(ISBLANK('Test Summary'!H22),"",'Test Summary'!H22) -> 0.2 | M18: =IF(ISBLANK('Test Summary'!J22),"",'Test Summary'!J22) -> -1 | N18: =IF(ISBLANK('Test Summary'!F22),"",'Test Summary'!F22) -> 300 | O18: =IF(ISBLANK('Test Summary'!J22),"",L18*M18) -> -0.2 | P18: =L18-O18 -> 0.4 | Q18: =(L18+O18)/2 -> 0 | R18: =(L18/100)*K18 -> 0 | S18: =(O18/100)*K18 -> 0 | T18: =0.5*(P18) -> 0.2 | U18: =0.5*(AK18-AJ18) -> 0 | V18: SH-21 | AL18: =0.5*(AK18-AJ18) -> 0 | AS18: Stop at 6,075 cycles then tensile test @ 550°C
A19: =IF(ISBLANK('Test Summary'!A23),"",'Test Summary'!A23) -> STS2024-33184 | B19: =IF(ISBLANK('Test Summary'!B23),"",'Test Summary'!B23) -> RT07 | C19: 8.799 | D19: 8.8 | E19: 8.8 | F19: 8.801 | G19: 8.802 | H19: =AVERAGE(C19:G19) -> 8.8004 | I19: =(PI()*(H19*H19))/4 -> 60.826763 | J19: 0.01 | K19: 12.5055 | L19: =IF(ISBLANK('Test Summary'!H23),"",'Test Summary'!H23) -> 0.25 | M19: =IF(ISBLANK('Test Summary'!J23),"",'Test Summary'!J23) -> -1 | N19: =IF(ISBLANK('Test Summary'!F23),"",'Test Summary'!F23) -> 300 | O19: =IF(ISBLANK('Test Summary'!J23),"",L19*M19) -> -0.25 | P19: =L19-O19 -> 0.5 | Q19: =(L19+O19)/2 -> 0 | R19: =(L19/100)*K19 -> 0.03126375 | S19: =(O19/100)*K19 -> -0.03126375 | T19: =0.5*(P19) -> 0.25 | U19: =0.5*(AK19-AJ19) -> 334.9906 | V19: SH-21 | W19: KP/CM | X19: 45533 | Y19: 45534 | Z19: 1.5 | AA19: 0.65 | AB19: 301.4 | AC19: 299.4 | AD19: 23.2 | AE19: 21.4 | AF19: 47.4 | AG19: 33.1 | AH19: 194.21 | AI19: 2241 | AJ19: -332.66139 | AK19: 337.31982 | AL19: =0.5*(AK19-AJ19) -> 334.9906 | AO19: No | AP19: None | AQ19: 2242 | AR19: 1 | AS19: Stop at 2,242 cycles then tensile test @ 20°C. Total Length 77.010mm
A20: =IF(ISBLANK('Test Summary'!A24),"",'Test Summary'!A24) -> STS2024-33185 | B20: =IF(ISBLANK('Test Summary'!B24),"",'Test Summary'!B24) -> RT08 | C20: 8.796 | D20: 8.8 | E20: 8.8 | F20: 8.804 | G20: 8.799 | H20: =AVERAGE(C20:G20) -> 8.7998 | I20: =(PI()*(H20*H20))/4 -> 60.818469 | J20: 0.006 | K20: 12.5085 | L20: =IF(ISBLANK('Test Summary'!H24),"",'Test Summary'!H24) -> 0.25 | M20: =IF(ISBLANK('Test Summary'!J24),"",'Test Summary'!J24) -> -1 | N20: =IF(ISBLANK('Test Summary'!F24),"",'Test Summary'!F24) -> 300 | O20: =IF(ISBLANK('Test Summary'!J24),"",L20*M20) -> -0.25 | P20: =L20-O20 -> 0.5 | Q20: =(L20+O20)/2 -> 0 | R20: =(L20/100)*K20 -> 0.03127125 | S20: =(O20/100)*K20 -> -0.03127125 | T20: =0.5*(P20) -> 0.25 | U20: =0.5*(AK20-AJ20) -> 335.07206 | V20: SH-21 | W20: KP/CM | X20: 45526 | Y20: 45526 | Z20: 1.6 | AA20: 0.7 | AB20: 300.3 | AC20: 299.1 | AD20: 22.2 | AE20: 21.6 | AF20: 45.9 | AG20: 34.2 | AH20: 186.6 | AI20: 2241 | AJ20: -336.39691 | AK20: 333.7472 | AL20: =0.5*(AK20-AJ20) -> 335.07206 | AM20: =AK20-AJ20 -> 670.14411 | AO20: No | AP20: None | AQ20: 2242 | AR20: 1 | AS20: Stop at 2,242 cycles then tensile test @ 300°C. Total Length 77.044mm
A21: =IF(ISBLANK('Test Summary'!A25),"",'Test Summary'!A25) -> STS2024-33186 | B21: =IF(ISBLANK('Test Summary'!B25),"",'Test Summary'!B25) -> RT09 | H21: =AVERAGE(C21:G21) -> #DIV/0! | I21: =(PI()*(H21*H21))/4 -> #DIV/0! | L21: =IF(ISBLANK('Test Summary'!H25),"",'Test Summary'!H25) -> 0.25 | M21: =IF(ISBLANK('Test Summary'!J25),"",'Test Summary'!J25) -> -1 | N21: =IF(ISBLANK('Test Summary'!F25),"",'Test Summary'!F25) -> 300 | O21: =IF(ISBLANK('Test Summary'!J25),"",L21*M21) -> -0.25 | P21: =L21-O21 -> 0.5 | Q21: =(L21+O21)/2 -> 0 | R21: =(L21/100)*K21 -> 0 | S21: =(O21/100)*K21 -> 0 | T21: =0.5*(P21) -> 0.25 | U21: =0.5*(AK21-AJ21) -> 0 | AL21: =0.5*(AK21-AJ21) -> 0 | AS21: Stop at 2,242 cycles then tensile test @ 550°C
A22: =IF(ISBLANK('Test Summary'!A26),"",'Test Summary'!A26) -> STS2024-33187 | B22: =IF(ISBLANK('Test Summary'!B26),"",'Test Summary'!B26) -> RT10 | C22: 8.802 | D22: 8.802 | E22: 8.802 | F22: 8.803 | G22: 8.802 | H22: =AVERAGE(C22:G22) -> 8.8022 | I22: =(PI()*(H22*H22))/4 -> 60.851648 | J22: 0.003 | L22: =IF(ISBLANK('Test Summary'!H26),"",'Test Summary'!H26) -> 0.3 | M22: =IF(ISBLANK('Test Summary'!J26),"",'Test Summary'!J26) -> -1 | N22: =IF(ISBLANK('Test Summary'!F26),"",'Test Summary'!F26) -> 300 | O22: =IF(ISBLANK('Test Summary'!J26),"",L22*M22) -> -0.3 | P22: =L22-O22 -> 0.6 | Q22: =(L22+O22)/2 -> 0 | R22: =(L22/100)*K22 -> 0 | S22: =(O22/100)*K22 -> 0 | T22: =0.5*(P22) -> 0.3 | U22: =0.5*(AK22-AJ22) -> 350.29035 | V22: SH-21 | W22: KP/CM | X22: 45527 | Y22: 45527 | Z22: 1.5 | AA22: 1.1 | AB22: 301.6 | AC22: 299.4 | AD22: 23 | AE22: 21.6 | AF22: 46.9 | AG22: 34.2 | AH22: 195.03 | AI22: 1013 | AJ22: -351.80565 | AK22: 348.77506 | AL22: =0.5*(AK22-AJ22) -> 350.29035 | AM22: =AK22-AJ22 -> 700.5807 | AO22: No | AP22: None | AQ22: 1014 | AR22: 1 | AS22: Stop at 1,014 cycles then tensile test @ 20°C. Total Length 76.983mm
A23: =IF(ISBLANK('Test Summary'!A27),"",'Test Summary'!A27) -> STS2024-33188 | B23: =IF(ISBLANK('Test Summary'!B27),"",'Test Summary'!B27) -> RT11 | C23: 8.803 | D23: 8.804 | E23: 8.804 | F23: 8.807 | G23: 8.805 | H23: =AVERAGE(C23:G23) -> 8.8046 | I23: =(PI()*(H23*H23))/4 -> 60.884836 | J23: 0.01 | K23: 12.475 | L23: =IF(ISBLANK('Test Summary'!H27),"",'Test Summary'!H27) -> 0.3 | M23: =IF(ISBLANK('Test Summary'!J27),"",'Test Summary'!J27) -> -1 | N23: =IF(ISBLANK('Test Summary'!F27),"",'Test Summary'!F27) -> 300 | O23: =IF(ISBLANK('Test Summary'!J27),"",L23*M23) -> -0.3 | P23: =L23-O23 -> 0.6 | Q23: =(L23+O23)/2 -> 0 | R23: =(L23/100)*K23 -> 0.037425 | S23: =(O23/100)*K23 -> -0.037425 | T23: =0.5*(P23) -> 0.3 | U23: =0.5*(AK23-AJ23) -> 350.56877 | V23: SH-21 | W23: KP/CM | X23: 45517 | Y23: 45517 | Z23: 1.7 | AA23: 0.7 | AB23: 300.3 | AC23: 299.1 | AD23: 23.7 | AE23: 22.1 | AF23: 56.4 | AG23: 32 | AH23: 200.89 | AI23: 1013 | AJ23: -352.87215 | AK23: 348.26539 | AL23: =0.5*(AK23-AJ23) -> 350.56877 | AM23: =AK23-AJ23 -> 701.13754 | AO23: No | AP23: None | AQ23: 1014 | AR23: 1 | AS23: Stop at 1,014 cycles then tensile test @ 300°C. Total Length 77.024mm
A24: =IF(ISBLANK('Test Summary'!A28),"",'Test Summary'!A28) -> STS2024-33189 | B24: =IF(ISBLANK('Test Summary'!B28),"",'Test Summary'!B28) -> RT12 | H24: =AVERAGE(C24:G24) -> #DIV/0! | I24: =(PI()*(H24*H24))/4 -> #DIV/0! | L24: =IF(ISBLANK('Test Summary'!H28),"",'Test Summary'!H28) -> 0.3 | M24: =IF(ISBLANK('Test Summary'!J28),"",'Test Summary'!J28) -> -1 | N24: =IF(ISBLANK('Test Summary'!F28),"",'Test Summary'!F28) -> 300 | O24: =IF(ISBLANK('Test Summary'!J28),"",L24*M24) -> -0.3 | P24: =L24-O24 -> 0.6 | Q24: =(L24+O24)/2 -> 0 | R24: =(L24/100)*K24 -> 0 | S24: =(O24/100)*K24 -> 0 | T24: =0.5*(P24) -> 0.3 | U24: =0.5*(AK24-AJ24) -> 0 | AL24: =0.5*(AK24-AJ24) -> 0 | AS24: Stop at 1,014 cycles then tensile test @ 550°C

Sheet Report Tables
M1: SMaRT Contract Number: | P1: =IF(ISBLANK('Test Summary'!H1),"",'Test Summary'!H1) -> SQ2024-1450
M2: Customer Project Number: | P2: =IF(ISBLANK('Test Summary'!H2),"",'Test Summary'!H2) -> n/a
M3: Project Manager: | P3: =IF(ISBLANK('Test Summary'!H3),"",'Test Summary'!H3) -> N Barnard
M4: SMaRT Programme Owner: | P4: =IF(ISBLANK('Test Summary'!H4),"",'Test Summary'!H4) -> A Jones
A5: COMMON ANALYSIS TEMPLATE (CAT)
A7: Strain Control LCF Summary Data
A8: Plain Cylindrical Specimens
A9: Delete additional Rows as appropriate
B11: SMaRT | C11: Customer | D11: Test | E11: CSA | F11: Diameter | G11: Nominal | H11: Heating | I11: Soak | J11: Strain | K11: Mean | L11: R | M11: Loading | N11: Waveform | O11: Strain | P11: Test | Q11: Test | R11: Start | S11: End | U11: SMaRT | V11: Customer | W11: Test Temp | Y11: Air Temp | AA11: Air Humidity | AC11: 1st Cycle | AD11: ½ Life Cycle | AG11: Total | AH11: Test Piece | AI11: Fracture | AJ11: Test | AK11: Comments Affecting Test | AM11: SMaRT | AN11: Customer | AO11: Strain | AP11: R | AQ11: Number of | AR11: Stress Amplitude
B12: Specimen | C12: Specimen | D12: Standard | G12: Test | H12: Time | I12: Time | J12: Range | K12: Strain | L12: Ratio | M12: Direction | O12: Ramp | P12: Frame | Q12: Engineer | R12: Date | S12: Date | U12: Specimen | V12: Specimen | W12: Max | X12: Min | Y12: Max | Z12: Min | AA12: Max | AB12: Min | AC12: E1/4 | AD12: Number | AE12: σ Range | AF12: Pl ε Range | AG12: Cycles | AH12: Fractured? | AI12: Location | AJ12: Validity | AM12: Specimen | AN12: Specimen | AO12: Amplitude | AP12: Ratio | AQ12: Cycles | AR12: at Half-life
B13: Identity | C13: Identity | E13: (mm2) | F13: (mm) | G13: Temp (°C) | H13: (Hrs) | I13: (Hrs) | J13: (%) | K13: (%) | O13: (%/s) | U13: Identity | V13: Identity | W13: (°C) | X13: (°C) | Y13: (°C) | Z13: (°C) | AA13: (%) | AB13: (%) | AC13: (GPa) | AD13: (±10%) | AE13: (MPa) | AF13: (%) | AG13: Completed | AM13: Identity | AN13: Identity | AO13: (%) | AQ13: to Failure | AR13: (MPa)
B14: ='Data entry'!A13 -> STS2024-33178 | C14: ='Data entry'!B13 -> RT01 | D14: ='Test Summary'!G17 -> ISO 12106:2017 | E14: =ROUND('Data entry'!I13, 3) -> 60.777 | F14: =ROUND('Data entry'!H13, 3) -> 8.797 | G14: ='Test Summary'!F17 -> 300 | H14: =ROUND('Data entry'!Z13, 1) -> 4.5 | I14: =ROUND('Data entry'!AA13, 1) -> 0.9 | J14: =ROUND('Data entry'!P13, 3) -> 0.3 | K14: =ROUND('Data entry'!Q13, 3) -> 0 | L14: =ROUND('Test Summary'!J17, 2) -> -1 | M14: ='Test Summary'!L17 -> tension | N14: ='Test Summary'!K17 -> Sawtooth | O14: ='Test Summary'!I17 -> 0.1 | P14: ='Data entry'!V13 -> SH-21 | Q14: ='Data entry'!W13 -> KP/CM | R14: ='Data entry'!X13 -> 45537 | S14: ='Data entry'!Y13 -> 45539 | U14: ='Data entry'!A13 -> STS2024-33178 | V14: ='Data entry'!B13 -> RT01 | W14: =ROUND('Data entry'!AB13, 1) -> 301.1 | X14: =ROUND('Data entry'!AC13, 1) -> 298.6 | Y14: =ROUND('Data entry'!AD13, 1) -> 23 | Z14: =ROUND('Data entry'!AE13, 1) -> 21.2 | AA14: =ROUND('Data entry'!AF13, 1) -> 61.4 | AB14: =ROUND('Data entry'!AG13, 1) -> 34 | AC14: ='Data entry'!AH13 -> 201.33 | AD14: ='Data entry'!AI13 -> 23095 | AE14: ='Data entry'!AM13 -> 558.17281 | AF14: ='Data entry'!AN13 -> 0 | AG14: =ROUND('Data entry'!AQ13, 0) -> 23096 | AH14: ='Data entry'!AO13 -> No | AI14: ='Data entry'!AP13 -> None | AJ14: ='Data entry'!AR13 -> 1 | AK14: ='Data entry'!AS13 -> Stop at 23,096 cycles then tensile test @ 20°C. Total Length 76.735mm. Coax outside limit. | AM14: ='Data entry'!A13 -> STS2024-33178 | AN14: ='Data entry'!B13 -> RT01 | AO14: ='Data entry'!T13 -> 0.15 | AP14: ='Test Summary'!J17 -> -1 | AQ14: ='Data entry'!AQ13 -> 23096 | AR14: ='Data entry'!AL13 -> 279.0864
B15: ='Data entry'!A14 -> STS2024-33179 | C15: ='Data entry'!B14 -> RT02 | D15: ='Test Summary'!G18 -> ISO 12106:2017 | E15: =ROUND('Data entry'!I14, 3) -> 60.857 | F15: =ROUND('Data entry'!H14, 3) -> 8.803 | G15: ='Test Summary'!F18 -> 300 | H15: =ROUND('Data entry'!Z14, 1) -> 1.7 | I15: =ROUND('Data entry'!AA14, 1) -> 0.7 | J15: =ROUND('Data entry'!P14, 3) -> 0.3 | K15: =ROUND('Data entry'!Q14, 3) -> 0 | L15: =ROUND('Test Summary'!J18, 2) -> -1 | M15: ='Test Summary'!L18 -> tension | N15: ='Test Summary'!K18 -> Sawtooth | O15: ='Test Summary'!I18 -> 0.1 | P15: ='Data entry'!V14 -> SH-21 | Q15: ='Data entry'!W14 -> KP/CM | R15: ='Data entry'!X14 -> 45523 | S15: ='Data entry'!Y14 -> 45525 | U15: ='Data entry'!A14 -> STS2024-33179 | V15: ='Data entry'!B14 -> RT02 | W15: =ROUND('Data entry'!AB14, 1) -> 300.2 | X15: =ROUND('Data entry'!AC14, 1) -> 299.7 | Y15: =ROUND('Data entry'!AD14, 1) -> 23 | Z15: =ROUND('Data entry'!AE14, 1) -> 21.2 | AA15: =ROUND('Data entry'!AF14, 1) -> 58.2 | AB15: =ROUND('Data entry'!AG14, 1) -> 32.5 | AC15: ='Data entry'!AH14 -> 191.08 | AD15: ='Data entry'!AI14 -> 23095 | AE15: ='Data entry'!AM14 -> 545.49307 | AF15: ='Data entry'!AN14 -> 0 | AG15: =ROUND('Data entry'!AQ14, 0) -> 23096 | AH15: ='Data entry'!AO14 -> No | AI15: ='Data entry'!AP14 -> None | AJ15: ='Data entry'!AR14 -> 1 | AK15: ='Data entry'!AS14 -> Stop at 23,096 cycles then tensile test @ 300°C. Total Length 77.090mm | AM15: ='Data entry'!A14 -> STS2024-33179 | AN15: ='Data entry'!B14 -> RT02 | AO15: ='Data entry'!T14 -> 0.15 | AP15: ='Test Summary'!J18 -> -1 | AQ15: ='Data entry'!AQ14 -> 23096 | AR15: ='Data entry'!AL14 -> 272.74654
B16: ='Data entry'!A15 -> STS2024-33180 | C16: ='Data entry'!B15 -> RT03 | D16: ='Test Summary'!G19 -> ISO 12106:2017 | E16: =ROUND('Data entry'!I15, 3) -> 60.796 | F16: =ROUND('Data entry'!H15, 3) -> 8.798 | G16: ='Test Summary'!F19 -> 300 | H16: =ROUND('Data entry'!Z15, 1) -> 0 | I16: =ROUND('Data entry'!AA15, 1) -> 0 | J16: =ROUND('Data entry'!P15, 3) -> 0.3 | K16: =ROUND('Data entry'!Q15, 3) -> 0 | L16: =ROUND('Test Summary'!J19, 2) -> -1 | M16: ='Test Summary'!L19 -> tension | N16: ='Test Summary'!K19 -> Sawtooth | O16: ='Test Summary'!I19 -> 0.1 | P16: ='Data entry'!V15 -> SH-21 | Q16: ='Data entry'!W15 -> 0 | R16: ='Data entry'!X15 -> 0 | S16: ='Data entry'!Y15 -> 0 | U16: ='Data entry'!A15 -> STS2024-33180 | V16: ='Data entry'!B15 -> RT03 | W16: =ROUND('Data entry'!AB15, 1) -> 0 | X16: =ROUND('Data entry'!AC15, 1) -> 0 | Y16: =ROUND('Data entry'!AD15, 1) -> 0 | Z16: =ROUND('Data entry'!AE15, 1) -> 0 | AA16: =ROUND('Data entry'!AF15, 1) -> 0 | AB16: =ROUND('Data entry'!AG15, 1) -> 0 | AC16: ='Data entry'!AH15 -> 0 | AD16: ='Data entry'!AI15 -> 0 | AE16: ='Data entry'!AM15 -> 0 | AF16: ='Data entry'!AN15 -> 0 | AG16: =ROUND('Data entry'!AQ15, 0) -> 0 | AH16: ='Data entry'!AO15 -> 0 | AI16: ='Data entry'!AP15 -> 0 | AJ16: ='Data entry'!AR15 -> 0 | AK16: ='Data entry'!AS15 -> Stop at 23,096 cycles then tensile test @ 550°C | AM16: ='Data entry'!A15 -> STS2024-33180 | AN16: ='Data entry'!B15 -> RT03 | AO16: ='Data entry'!T15 -> 0.15 | AP16: ='Test Summary'!J19 -> -1 | AQ16: ='Data entry'!AQ15 -> 0 | AR16: ='Data entry'!AL15 -> 0
B17: ='Data entry'!A16 -> STS2024-33181 | C17: ='Data entry'!B16 -> RT04 | D17: ='Test Summary'!G20 -> ISO 12106:2017 | E17: =ROUND('Data entry'!I16, 3) -> 60.813 | F17: =ROUND('Data entry'!H16, 3) -> 8.799 | G17: ='Test Summary'!F20 -> 300 | H17: =ROUND('Data entry'!Z16, 1) -> 1.8 | I17: =ROUND('Data entry'!AA16, 1) -> 0.8 | J17: =ROUND('Data entry'!P16, 3) -> 0.4 | K17: =ROUND('Data entry'!Q16, 3) -> 0 | L17: =ROUND('Test Summary'!J20, 2) -> -1 | M17: ='Test Summary'!L20 -> tension | N17: ='Test Summary'!K20 -> Sawtooth | O17: ='Test Summary'!I20 -> 0.1 | P17: ='Data entry'!V16 -> SH-21 | Q17: ='Data entry'!W16 -> KP/CM | R17: ='Data entry'!X16 -> 45531 | S17: ='Data entry'!Y16 -> 45532 | U17: ='Data entry'!A16 -> STS2024-33181 | V17: ='Data entry'!B16 -> RT04 | W17: =ROUND('Data entry'!AB16, 1) -> 300.3 | X17: =ROUND('Data entry'!AC16, 1) -> 298.3 | Y17: =ROUND('Data entry'!AD16, 1) -> 22.9 | Z17: =ROUND('Data entry'!AE16, 1) -> 21.5 | AA17: =ROUND('Data entry'!AF16, 1) -> 55.4 | AB17: =ROUND('Data entry'!AG16, 1) -> 33 | AC17: ='Data entry'!AH16 -> 186.61 | AD17: ='Data entry'!AI16 -> 6074 | AE17: ='Data entry'!AM16 -> 633.17612 | AF17: ='Data entry'!AN16 -> 0 | AG17: =ROUND('Data entry'!AQ16, 0) -> 6075 | AH17: ='Data entry'!AO16 -> No | AI17: ='Data entry'!AP16 -> None | AJ17: ='Data entry'!AR16 -> 2 | AK17: ='Data entry'!AS16 -> Stop at 6,075 cycles then tensile test @ 20°C. Total Length 77.0.51mm | AM17: ='Data entry'!A16 -> STS2024-33181 | AN17: ='Data entry'!B16 -> RT04 | AO17: ='Data entry'!T16 -> 0.2 | AP17: ='Test Summary'!J20 -> -1 | AQ17: ='Data entry'!AQ16 -> 6075 | AR17: ='Data entry'!AL16 -> 316.58806
B18: ='Data entry'!A17 -> STS2024-33182 | C18: ='Data entry'!B17 -> RT05 | D18: ='Test Summary'!G21 -> ISO 12106:2017 | E18: =ROUND('Data entry'!I17, 3) -> 60.838 | F18: =ROUND('Data entry'!H17, 3) -> 8.801 | G18: ='Test Summary'!F21 -> 300 | H18: =ROUND('Data entry'!Z17, 1) -> 1.8 | I18: =ROUND('Data entry'!AA17, 1) -> 0.9 | J18: =ROUND('Data entry'!P17, 3) -> 0.4 | K18: =ROUND('Data entry'!Q17, 3) -> 0 | L18: =ROUND('Test Summary'!J21, 2) -> -1 | M18: ='Test Summary'!L21 -> tension | N18: ='Test Summary'!K21 -> Sawtooth | O18: ='Test Summary'!I21 -> 0.1 | P18: ='Data entry'!V17 -> SH-21 | Q18: ='Data entry'!W17 -> KP/CM | R18: ='Data entry'!X17 -> 45518 | S18: ='Data entry'!Y17 -> 45519 | U18: ='Data entry'!A17 -> STS2024-33182 | V18: ='Data entry'!B17 -> RT05 | W18: =ROUND('Data entry'!AB17, 1) -> 298.2 | X18: =ROUND('Data entry'!AC17, 1) -> 297.5 | Y18: =ROUND('Data entry'!AD17, 1) -> 24.2 | Z18: =ROUND('Data entry'!AE17, 1) -> 22 | AA18: =ROUND('Data entry'!AF17, 1) -> 55.7 | AB18: =ROUND('Data entry'!AG17, 1) -> 32.2 | AC18: ='Data entry'!AH17 -> 195.31 | AD18: ='Data entry'!AI17 -> 6074 | AE18: ='Data entry'!AM17 -> 632.02032 | AF18: ='Data entry'!AN17 -> 0 | AG18: =ROUND('Data entry'!AQ17, 0) -> 6075 | AH18: ='Data entry'!AO17 -> No | AI18: ='Data entry'!AP17 -> None | AJ18: ='Data entry'!AR17 -> 1 | AK18: ='Data entry'!AS17 -> Stop at 6,075 cycles then tensile test @ 300°C. Total Length 77.021mm | AM18: ='Data entry'!A17 -> STS2024-33182 | AN18: ='Data entry'!B17 -> RT05 | AO18: ='Data entry'!T17 -> 0.2 | AP18: ='Test Summary'!J21 -> -1 | AQ18: ='Data entry'!AQ17 -> 6075 | AR18: ='Data entry'!AL17 -> 316.01016
B19: ='Data entry'!A18 -> STS2024-33183 | C19: ='Data entry'!B18 -> RT06 | D19: ='Test Summary'!G22 -> ISO 12106:2017 | E19: =ROUND('Data entry'!I18, 3) -> 60.918 | F19: =ROUND('Data entry'!H18, 3) -> 8.807 | G19: ='Test Summary'!F22 -> 300 | H19: =ROUND('Data entry'!Z18, 1) -> 0 | I19: =ROUND('Data entry'!AA18, 1) -> 0 | J19: =ROUND('Data entry'!P18, 3) -> 0.4 | K19: =ROUND('Data entry'!Q18, 3) -> 0 | L19: =ROUND('Test Summary'!J22, 2) -> -1 | M19: ='Test Summary'!L22 -> tension | N19: ='Test Summary'!K22 -> Sawtooth | O19: ='Test Summary'!I22 -> 0.1 | P19: ='Data entry'!V18 -> SH-21 | Q19: ='Data entry'!W18 -> 0 | R19: ='Data entry'!X18 -> 0 | S19: ='Data entry'!Y18 -> 0 | U19: ='Data entry'!A18 -> STS2024-33183 | V19: ='Data entry'!B18 -> RT06 | W19: =ROUND('Data entry'!AB18, 1) -> 0 | X19: =ROUND('Data entry'!AC18, 1) -> 0 | Y19: =ROUND('Data entry'!AD18, 1) -> 0 | Z19: =ROUND('Data entry'!AE18, 1) -> 0 | AA19: =ROUND('Data entry'!AF18, 1) -> 0 | AB19: =ROUND('Data entry'!AG18, 1) -> 0 | AC19: ='Data entry'!AH18 -> 0 | AD19: ='Data entry'!AI18 -> 0 | AE19: ='Data entry'!AM18 -> 0 | AF19: ='Data entry'!AN18 -> 0 | AG19: =ROUND('Data entry'!AQ18, 0) -> 0 | AH19: ='Data entry'!AO18 -> 0 | AI19: ='Data entry'!AP18 -> 0 | AJ19: ='Data entry'!AR18 -> 0 | AK19: ='Data entry'!AS18 -> Stop at 6,075 cycles then tensile test @ 550°C | AM19: ='Data entry'!A18 -> STS2024-33183 | AN19: ='Data entry'!B18 -> RT06 | AO19: ='Data entry'!T18 -> 0.2 | AP19: ='Test Summary'!J22 -> -1 | AQ19: ='Data entry'!AQ18 -> 0 | AR19: ='Data entry'!AL18 -> 0
B20: ='Data entry'!A19 -> STS2024-33184 | C20: ='Data entry'!B19 -> RT07 | D20: ='Test Summary'!G23 -> ISO 12106:2017 | E20: =ROUND('Data entry'!I19, 3) -> 60.827 | F20: =ROUND('Data entry'!H19, 3) -> 8.8 | G20: ='Test Summary'!F23 -> 300 | H20: =ROUND('Data entry'!Z19, 1) -> 1.5 | I20: =ROUND('Data entry'!AA19, 1) -> 0.7 | J20: =ROUND('Data entry'!P19, 3) -> 0.5 | K20: =ROUND('Data entry'!Q19, 3) -> 0 | L20: =ROUND('Test Summary'!J23, 2) -> -1 | M20: ='Test Summary'!L23 -> tension | N20: ='Test Summary'!K23 -> Sawtooth | O20: ='Test Summary'!I23 -> 0.1 | P20: ='Data entry'!V19 -> SH-21 | Q20: ='Data entry'!W19 -> KP/CM | R20: ='Data entry'!X19 -> 45533 | S20: ='Data entry'!Y19 -> 45534 | U20: ='Data entry'!A19 -> STS2024-33184 | V20: ='Data entry'!B19 -> RT07 | W20: =ROUND('Data entry'!AB19, 1) -> 301.4 | X20: =ROUND('Data entry'!AC19, 1) -> 299.4 | Y20: =ROUND('Data entry'!AD19, 1) -> 23.2 | Z20: =ROUND('Data entry'!AE19, 1) -> 21.4 | AA20: =ROUND('Data entry'!AF19, 1) -> 47.4 | AB20: =ROUND('Data entry'!AG19, 1) -> 33.1 | AC20: ='Data entry'!AH19 -> 194.21 | AD20: ='Data entry'!AI19 -> 2241 | AE20: ='Data entry'!AM19 -> 0 | AF20: ='Data entry'!AN19 -> 0 | AG20: =ROUND('Data entry'!AQ19, 0) -> 2242 | AH20: ='Data entry'!AO19 -> No | AI20: ='Data entry'!AP19 -> None | AJ20: ='Data entry'!AR19 -> 1 | AK20: ='Data entry'!AS19 -> Stop at 2,242 cycles then tensile test @ 20°C. Total Length 77.010mm | AM20: ='Data entry'!A19 -> STS2024-33184 | AN20: ='Data entry'!B19 -> RT07 | AO20: ='Data entry'!T19 -> 0.25 | AP20: ='Test Summary'!J23 -> -1 | AQ20: ='Data entry'!AQ19 -> 2242 | AR20: ='Data entry'!AL19 -> 334.9906
B21: ='Data entry'!A20 -> STS2024-33185 | C21: ='Data entry'!B20 -> RT08 | D21: ='Test Summary'!G24 -> ISO 12106:2017 | E21: =ROUND('Data entry'!I20, 3) -> 60.818 | F21: =ROUND('Data entry'!H20, 3) -> 8.8 | G21: ='Test Summary'!F24 -> 300 | H21: =ROUND('Data entry'!Z20, 1) -> 1.6 | I21: =ROUND('Data entry'!AA20, 1) -> 0.7 | J21: =ROUND('Data entry'!P20, 3) -> 0.5 | K21: =ROUND('Data entry'!Q20, 3) -> 0 | L21: =ROUND('Test Summary'!J24, 2) -> -1 | M21: ='Test Summary'!L24 -> tension | N21: ='Test Summary'!K24 -> Sawtooth | O21: ='Test Summary'!I24 -> 0.1 | P21: ='Data entry'!V20 -> SH-21 | Q21: ='Data entry'!W20 -> KP/CM | R21: ='Data entry'!X20 -> 45526 | S21: ='Data entry'!Y20 -> 45526 | U21: ='Data entry'!A20 -> STS2024-33185 | V21: ='Data entry'!B20 -> RT08 | W21: =ROUND('Data entry'!AB20, 1) -> 300.3 | X21: =ROUND('Data entry'!AC20, 1) -> 299.1 | Y21: =ROUND('Data entry'!AD20, 1) -> 22.2 | Z21: =ROUND('Data entry'!AE20, 1) -> 21.6 | AA21: =ROUND('Data entry'!AF20, 1) -> 45.9 | AB21: =ROUND('Data entry'!AG20, 1) -> 34.2 | AC21: ='Data entry'!AH20 -> 186.6 | AD21: ='Data entry'!AI20 -> 2241 | AE21: ='Data entry'!AM20 -> 670.14411 | AF21: ='Data entry'!AN20 -> 0 | AG21: =ROUND('Data entry'!AQ20, 0) -> 2242 | AH21: ='Data entry'!AO20 -> No | AI21: ='Data entry'!AP20 -> None | AJ21: ='Data entry'!AR20 -> 1 | AK21: ='Data entry'!AS20 -> Stop at 2,242 cycles then tensile test @ 300°C. Total Length 77.044mm | AM21: ='Data entry'!A20 -> STS2024-33185 | AN21: ='Data entry'!B20 -> RT08 | AO21: ='Data entry'!T20 -> 0.25 | AP21: ='Test Summary'!J24 -> -1 | AQ21: ='Data entry'!AQ20 -> 2242 | AR21: ='Data entry'!AL20 -> 335.07206
B22: ='Data entry'!A21 -> STS2024-33186 | C22: ='Data entry'!B21 -> RT09 | D22: ='Test Summary'!G25 -> ISO 12106:2017 | E22: =ROUND('Data entry'!I21, 3) -> #DIV/0! | F22: =ROUND('Data entry'!H21, 3) -> #DIV/0! | G22: ='Test Summary'!F25 -> 300 | H22: =ROUND('Data entry'!Z21, 1) -> 0 | I22: =ROUND('Data entry'!AA21, 1) -> 0 | J22: =ROUND('Data entry'!P21, 3) -> 0.5 | K22: =ROUND('Data entry'!Q21, 3) -> 0 | L22: =ROUND('Test Summary'!J25, 2) -> -1 | M22: ='Test Summary'!L25 -> tension | N22: ='Test Summary'!K25 -> Sawtooth | O22: ='Test Summary'!I25 -> 0.1 | P22: ='Data entry'!V21 -> 0 | Q22: ='Data entry'!W21 -> 0 | R22: ='Data entry'!X21 -> 0 | S22: ='Data entry'!Y21 -> 0 | U22: ='Data entry'!A21 -> STS2024-33186 | V22: ='Data entry'!B21 -> RT09 | W22: =ROUND('Data entry'!AB21, 1) -> 0 | X22: =ROUND('Data entry'!AC21, 1) -> 0 | Y22: =ROUND('Data entry'!AD21, 1) -> 0 | Z22: =ROUND('Data entry'!AE21, 1) -> 0 | AA22: =ROUND('Data entry'!AF21, 1) -> 0 | AB22: =ROUND('Data entry'!AG21, 1) -> 0 | AC22: ='Data entry'!AH21 -> 0 | AD22: ='Data entry'!AI21 -> 0 | AE22: ='Data entry'!AM21 -> 0 | AF22: ='Data entry'!AN21 -> 0 | AG22: =ROUND('Data entry'!AQ21, 0) -> 0 | AH22: ='Data entry'!AO21 -> 0 | AI22: ='Data entry'!AP21 -> 0 | AJ22: ='Data entry'!AR21 -> 0 | AK22: ='Data entry'!AS21 -> Stop at 2,242 cycles then tensile test @ 550°C | AM22: ='Data entry'!A21 -> STS2024-33186 | AN22: ='Data entry'!B21 -> RT09 | AO22: ='Data entry'!T21 -> 0.25 | AP22: ='Test Summary'!J25 -> -1 | AQ22: ='Data entry'!AQ21 -> 0 | AR22: ='Data entry'!AL21 -> 0
B23: ='Data entry'!A22 -> STS2024-33187 | C23: ='Data entry'!B22 -> RT10 | D23: ='Test Summary'!G26 -> ISO 12106:2017 | E23: =ROUND('Data entry'!I22, 3) -> 60.852 | F23: =ROUND('Data entry'!H22, 3) -> 8.802 | G23: ='Test Summary'!F26 -> 300 | H23: =ROUND('Data entry'!Z22, 1) -> 1.5 | I23: =ROUND('Data entry'!AA22, 1) -> 1.1 | J23: =ROUND('Data entry'!P22, 3) -> 0.6 | K23: =ROUND('Data entry'!Q22, 3) -> 0 | L23: =ROUND('Test Summary'!J26, 2) -> -1 | M23: ='Test Summary'!L26 -> tension | N23: ='Test Summary'!K26 -> Sawtooth | O23: ='Test Summary'!I26 -> 0.1 | P23: ='Data entry'!V22 -> SH-21 | Q23: ='Data entry'!W22 -> KP/CM | R23: ='Data entry'!X22 -> 45527 | S23: ='Data entry'!Y22 -> 45527 | U23: ='Data entry'!A22 -> STS2024-33187 | V23: ='Data entry'!B22 -> RT10 | W23: =ROUND('Data entry'!AB22, 1) -> 301.6 | X23: =ROUND('Data entry'!AC22, 1) -> 299.4 | Y23: =ROUND('Data entry'!AD22, 1) -> 23 | Z23: =ROUND('Data entry'!AE22, 1) -> 21.6 | AA23: =ROUND('Data entry'!AF22, 1) -> 46.9 | AB23: =ROUND('Data entry'!AG22, 1) -> 34.2 | AC23: ='Data entry'!AH22 -> 195.03 | AD23: ='Data entry'!AI22 -> 1013 | AE23: ='Data entry'!AM22 -> 700.5807 | AF23: ='Data entry'!AN22 -> 0 | AG23: =ROUND('Data entry'!AQ22, 0) -> 1014 | AH23: ='Data entry'!AO22 -> No | AI23: ='Data entry'!AP22 -> None | AJ23: ='Data entry'!AR22 -> 1 | AK23: ='Data entry'!AS22 -> Stop at 1,014 cycles then tensile test @ 20°C. Total Length 76.983mm | AM23: ='Data entry'!A22 -> STS2024-33187 | AN23: ='Data entry'!B22 -> RT10 | AO23: ='Data entry'!T22 -> 0.3 | AP23: ='Test Summary'!J26 -> -1 | AQ23: ='Data entry'!AQ22 -> 1014 | AR23: ='Data entry'!AL22 -> 350.29035
B24: ='Data entry'!A23 -> STS2024-33188 | C24: ='Data entry'!B23 -> RT11 | D24: ='Test Summary'!G27 -> ISO 12106:2017 | E24: =ROUND('Data entry'!I23, 3) -> 60.885 | F24: =ROUND('Data entry'!H23, 3) -> 8.805 | G24: ='Test Summary'!F27 -> 300 | H24: =ROUND('Data entry'!Z23, 1) -> 1.7 | I24: =ROUND('Data entry'!AA23, 1) -> 0.7 | J24: =ROUND('Data entry'!P23, 3) -> 0.6 | K24: =ROUND('Data entry'!Q23, 3) -> 0 | L24: =ROUND('Test Summary'!J27, 2) -> -1 | M24: ='Test Summary'!L27 -> tension | N24: ='Test Summary'!K27 -> Sawtooth | O24: ='Test Summary'!I27 -> 0.1 | P24: ='Data entry'!V23 -> SH-21 | Q24: ='Data entry'!W23 -> KP/CM | R24: ='Data entry'!X23 -> 45517 | S24: ='Data entry'!Y23 -> 45517 | U24: ='Data entry'!A23 -> STS2024-33188 | V24: ='Data entry'!B23 -> RT11 | W24: =ROUND('Data entry'!AB23, 1) -> 300.3 | X24: =ROUND('Data entry'!AC23, 1) -> 299.1 | Y24: =ROUND('Data entry'!AD23, 1) -> 23.7 | Z24: =ROUND('Data entry'!AE23, 1) -> 22.1 | AA24: =ROUND('Data entry'!AF23, 1) -> 56.4 | AB24: =ROUND('Data entry'!AG23, 1) -> 32 | AC24: ='Data entry'!AH23 -> 200.89 | AD24: ='Data entry'!AI23 -> 1013 | AE24: ='Data entry'!AM23 -> 701.13754 | AF24: ='Data entry'!AN23 -> 0 | AG24: =ROUND('Data entry'!AQ23, 0) -> 1014 | AH24: ='Data entry'!AO23 -> No | AI24: ='Data entry'!AP23 -> None | AJ24: ='Data entry'!AR23 -> 1 | AK24: ='Data entry'!AS23 -> Stop at 1,014 cycles then tensile test @ 300°C. Total Length 77.024mm | AM24: ='Data entry'!A23 -> STS2024-33188 | AN24: ='Data entry'!B23 -> RT11 | AO24: ='Data entry'!T23 -> 0.3 | AP24: ='Test Summary'!J27 -> -1 | AQ24: ='Data entry'!AQ23 -> 1014 | AR24: ='Data entry'!AL23 -> 350.56877
B25: ='Data entry'!A24 -> STS2024-33189 | C25: ='Data entry'!B24 -> RT12 | D25: ='Test Summary'!G28 -> ISO 12106:2017 | E25: =ROUND('Data entry'!I24, 3) -> #DIV/0! | F25: =ROUND('Data entry'!H24, 3) -> #DIV/0! | G25: ='Test Summary'!F28 -> 300 | H25: =ROUND('Data entry'!Z24, 1) -> 0 | I25: =ROUND('Data entry'!AA24, 1) -> 0 | J25: =ROUND('Data entry'!P24, 3) -> 0.6 | K25: =ROUND('Data entry'!Q24, 3) -> 0 | L25: =ROUND('Test Summary'!J28, 2) -> -1 | M25: ='Test Summary'!L28 -> tension | N25: ='Test Summary'!K28 -> Sawtooth | O25: ='Test Summary'!I28 -> 0.1 | P25: ='Data entry'!V24 -> 0 | Q25: ='Data entry'!W24 -> 0 | R25: ='Data entry'!X24 -> 0 | S25: ='Data entry'!Y24 -> 0 | U25: ='Data entry'!A24 -> STS2024-33189 | V25: ='Data entry'!B24 -> RT12 | W25: =ROUND('Data entry'!AB24, 1) -> 0 | X25: =ROUND('Data entry'!AC24, 1) -> 0 | Y25: =ROUND('Data entry'!AD24, 1) -> 0 | Z25: =ROUND('Data entry'!AE24, 1) -> 0 | AA25: =ROUND('Data entry'!AF24, 1) -> 0 | AB25: =ROUND('Data entry'!AG24, 1) -> 0 | AC25: ='Data entry'!AH24 -> 0 | AD25: ='Data entry'!AI24 -> 0 | AE25: ='Data entry'!AM24 -> 0 | AF25: ='Data entry'!AN24 -> 0 | AG25: =ROUND('Data entry'!AQ24, 0) -> 0 | AH25: ='Data entry'!AO24 -> 0 | AI25: ='Data entry'!AP24 -> 0 | AJ25: ='Data entry'!AR24 -> 0 | AK25: ='Data entry'!AS24 -> Stop at 1,014 cycles then tensile test @ 550°C | AM25: ='Data entry'!A24 -> STS2024-33189 | AN25: ='Data entry'!B24 -> RT12 | AO25: ='Data entry'!T24 -> 0.3 | AP25: ='Test Summary'!J28 -> -1 | AQ25: ='Data entry'!AQ24 -> 0 | AR25: ='Data entry'!AL24 -> 0
